review,sentiment,cleaned_review,review_len
I absolutely loved this movie! The acting was fantastic and the plot was gripping.,positive,"['absolutely', 'love', 'movie', 'act', 'fantastic', 'plot', 'grip']",7
Terrible movie. I wasted two hours of my life.,negative,"['terrible', 'movie', 'waste', 'two', 'hour', 'life']",6
A beautiful film with a heartwarming story and great performances.,positive,"['beautiful', 'film', 'heartwarming', 'story', 'great', 'performance']",6
I didn't like the movie. It was boring and too slow.,negative,"['do', 'not', 'like', 'movie', 'boring', 'slow']",6
One of the best movies I've seen this year. Highly recommended!,positive,"['one', 'good', 'movie', 'I', 'have', 'see', 'year', 'highly', 'recommend']",9
Not my type of movie. The story was predictable and dull.,negative,"['type', 'movie', 'story', 'predictable', 'dull']",5
Amazing cinematography and a touching storyline. A must-watch!,positive,"['amazing', 'cinematography', 'touch', 'storyline', 'mustwatch']",5
The film lacked depth and the characters were uninteresting.,negative,"['film', 'lack', 'depth', 'character', 'unintereste']",5
Brilliant direction and an outstanding cast made this a joy to watch.,positive,"['brilliant', 'direction', 'outstanding', 'cast', 'make', 'joy', 'watch']",7
This movie was a disappointment. Poor script and bad acting.,negative,"['movie', 'disappointment', 'poor', 'script', 'bad', 'acting']",6
"One of the other reviewers has mentioned that after watching just 1 Oz episode you'll be hooked. They are right, as this is exactly what happened with me.<br /><br />The first thing that struck me about Oz was its brutality and unflinching scenes of violence, which set in right from the word GO. Trust me, this is not a show for the faint hearted or timid. This show pulls no punches with regards to drugs, sex or violence. Its is hardcore, in the classic use of the word.<br /><br />It is called OZ as that is the nickname given to the Oswald Maximum Security State Penitentary. It focuses mainly on Emerald City, an experimental section of the prison where all the cells have glass fronts and face inwards, so privacy is not high on the agenda. Em City is home to many..Aryans, Muslims, gangstas, Latinos, Christians, Italians, Irish and more....so scuffles, death stares, dodgy dealings and shady agreements are never far away.<br /><br />I would say the main appeal of the show is due to the fact that it goes where other shows wouldn't dare. Forget pretty pictures painted for mainstream audiences, forget charm, forget romance...OZ doesn't mess around. The first episode I ever saw struck me as so nasty it was surreal, I couldn't say I was ready for it, but as I watched more, I developed a taste for Oz, and got accustomed to the high levels of graphic violence. Not just violence, but injustice (crooked guards who'll be sold out for a nickel, inmates who'll kill on order and get away with it, well mannered, middle class inmates being turned into prison bitches due to their lack of street skills or prison experience) Watching Oz, you may become comfortable with what is uncomfortable viewing....thats if you can get in touch with your darker side.",positive,"['one', 'reviewer', 'mention', 'watch', '1', 'oz', 'episode', 'you', 'will', 'hook', 'right', 'exactly', 'happen', 'methe', 'first', 'thing', 'strike', 'oz', 'brutality', 'unflinche', 'scene', 'violence', 'set', 'right', 'word', 'go', 'trust', 'show', 'faint', 'hearted', 'timid', 'show', 'pull', 'punch', 'regard', 'drug', 'sex', 'violence', 'hardcore', 'classic', 'use', 'wordit', 'call', 'oz', 'nickname', 'give', 'oswald', 'maximum', 'security', 'state', 'penitentary', 'focus', 'mainly', 'emerald', 'city', 'experimental', 'section', 'prison', 'cell', 'glass', 'front', 'face', 'inward', 'privacy', 'high', 'agenda', 'they', 'city', 'home', 'manyaryan', 'muslim', 'gangstas', 'latinos', 'christians', 'italians', 'irish', 'moreso', 'scuffle', 'death', 'stare', 'dodgy', 'dealing', 'shady', 'agreement', 'never', 'far', 'awayi', 'would', 'say', 'main', 'appeal', 'show', 'due', 'fact', 'go', 'show', 'would', 'not', 'dare', 'forget', 'pretty', 'picture', 'paint', 'mainstream', 'audience', 'forget', 'charm', 'forget', 'romanceoz', 'do', 'not', 'mess', 'around', 'first', 'episode', 'ever', 'see', 'strike', 'nasty', 'surreal', 'could', 'not', 'say', 'ready', 'watch', 'develop', 'taste', 'oz', 'get', 'accustomed', 'high', 'level', 'graphic', 'violence', 'violence', 'injustice', 'crook', 'guard', 'who', 'will', 'sell', 'nickel', 'inmate', 'who', 'will', 'kill', 'order', 'get', 'away', 'well', 'mannered', 'middle', 'class', 'inmate', 'turn', 'prison', 'bitch', 'due', 'lack', 'street', 'skill', 'prison', 'experience', 'watch', 'oz', 'may', 'become', 'comfortable', 'uncomfortable', 'viewingthat', 'get', 'touch', 'dark', 'side']",174
"A wonderful little production. <br /><br />The filming technique is very unassuming- very old-time-BBC fashion and gives a comforting, and sometimes discomforting, sense of realism to the entire piece. <br /><br />The actors are extremely well chosen- Michael Sheen not only ""has got all the polari"" but he has all the voices down pat too! You can truly see the seamless editing guided by the references to Williams' diary entries, not only is it well worth the watching but it is a terrificly written and performed piece. A masterful production about one of the great master's of comedy and his life. <br /><br />The realism really comes home with the little things: the fantasy of the guard which, rather than use the traditional 'dream' techniques remains solid then disappears. It plays on our knowledge and our senses, particularly with the scenes concerning Orton and Halliwell and the sets (particularly of their flat with Halliwell's murals decorating every surface) are terribly well done.",positive,"['wonderful', 'little', 'production', 'filming', 'technique', 'unassume', 'oldtimebbc', 'fashion', 'give', 'comfort', 'sometimes', 'discomforte', 'sense', 'realism', 'entire', 'piece', 'actor', 'extremely', 'well', 'choose', 'michael', 'sheen', 'get', 'polari', 'voice', 'pat', 'truly', 'see', 'seamless', 'editing', 'guide', 'reference', 'williams', 'diary', 'entry', 'well', 'worth', 'watching', 'terrificly', 'write', 'perform', 'piece', 'masterful', 'production', 'one', 'great', 'master', 'comedy', 'life', 'realism', 'really', 'come', 'home', 'little', 'thing', 'fantasy', 'guard', 'rather', 'use', 'traditional', 'dream', 'technique', 'remain', 'solid', 'disappear', 'play', 'knowledge', 'sense', 'particularly', 'scene', 'concern', 'orton', 'halliwell', 'set', 'particularly', 'flat', 'halliwell', 'mural', 'decorate', 'every', 'surface', 'terribly', 'well', 'do']",84
"I thought this was a wonderful way to spend time on a too hot summer weekend, sitting in the air conditioned theater and watching a light-hearted comedy. The plot is simplistic, but the dialogue is witty and the characters are likable (even the well bread suspected serial killer). While some may be disappointed when they realize this is not Match Point 2: Risk Addiction, I thought it was proof that Woody Allen is still fully in control of the style many of us have grown to love.<br /><br />This was the most I'd laughed at one of Woody's comedies in years (dare I say a decade?). While I've never been impressed with Scarlet Johanson, in this she managed to tone down her ""sexy"" image and jumped right into a average, but spirited young woman.<br /><br />This may not be the crown jewel of his career, but it was wittier than ""Devil Wears Prada"" and more interesting than ""Superman"" a great comedy to go see with friends.",positive,"['think', 'wonderful', 'way', 'spend', 'Tears', 'eye', 'hot', 'summer', 'weekend', 'sit', 'air', 'condition', 'theater', 'watch', 'lighthearted', 'comedy', 'plot', 'simplistic', 'dialogue', 'witty', 'character', 'likable', 'even', 'well', 'bread', 'suspect', 'serial', 'killer', 'may', 'disappoint', 'realize', 'match', 'point', '2', 'risk', 'addiction', 'think', 'proof', 'woody', 'allen', 'still', 'fully', 'control', 'style', 'many', 'us', 'grow', 'lovethis', 'i', 'd', 'laugh', 'one', 'woodys', 'comedy', 'year', 'dare', 'say', 'decade', 'I', 'have', 'never', 'impress', 'scarlet', 'johanson', 'manage', 'tone', 'sexy', 'image', 'jump', 'right', 'average', 'spirited', 'young', 'womanthis', 'may', 'crown', 'jewel', 'career', 'witty', 'devil', 'wear', 'prada', 'interesting', 'superman', 'great', 'comedy', 'go', 'see', 'friend']",89
"Basically there's a family where a little boy (Jake) thinks there's a zombie in his closet & his parents are fighting all the time.<br /><br />This movie is slower than a soap opera... and suddenly, Jake decides to become Rambo and kill the zombie.<br /><br />OK, first of all when you're going to make a film you must Decide if its a thriller or a drama! As a drama the movie is watchable. Parents are divorcing & arguing like in real life. And then we have Jake with his closet which totally ruins all the film! I expected to see a BOOGEYMAN similar movie, and instead i watched a drama with some meaningless thriller spots.<br /><br />3 out of 10 just for the well playing parents & descent dialogs. As for the shots with Jake: just ignore them.",negative,"['basically', 'there', 'be', 'family', 'little', 'boy', 'jake', 'think', 'there', 'be', 'zombie', 'closet', 'parent', 'fight', 'timethis', 'movie', 'slow', 'soap', 'opera', 'suddenly', 'jake', 'decide', 'become', 'rambo', 'kill', 'zombieok', 'first', 'you', 'be', 'go', 'make', 'film', 'must', 'decide', 'thriller', 'drama', 'drama', 'movie', 'watchable', 'parent', 'divorce', 'argue', 'like', 'real', 'life', 'jake', 'closet', 'totally', 'ruin', 'film', 'expect', 'see', 'boogeyman', 'similar', 'movie', 'instead', 'watch', 'drama', 'meaningless', 'thriller', 'spots3', '10', 'well', 'play', 'parent', 'descent', 'dialog', 'shot', 'jake', 'ignore']",70
"Petter Mattei's ""Love in the Time of Money"" is a visually stunning film to watch. Mr. Mattei offers us a vivid portrait about human relations. This is a movie that seems to be telling us what money, power and success do to people in the different situations we encounter. <br /><br />This being a variation on the Arthur Schnitzler's play about the same theme, the director transfers the action to the present time New York where all these different characters meet and connect. Each one is connected in one way, or another to the next person, but no one seems to know the previous point of contact. Stylishly, the film has a sophisticated luxurious look. We are taken to see how these people live and the world they live in their own habitat.<br /><br />The only thing one gets out of all these souls in the picture is the different stages of loneliness each one inhabits. A big city is not exactly the best place in which human relations find sincere fulfillment, as one discerns is the case with most of the people we encounter.<br /><br />The acting is good under Mr. Mattei's direction. Steve Buscemi, Rosario Dawson, Carol Kane, Michael Imperioli, Adrian Grenier, and the rest of the talented cast, make these characters come alive.<br /><br />We wish Mr. Mattei good luck and await anxiously for his next work.",positive,"['petter', 'matteis', 'love', 'Tears', 'eye', 'money', 'visually', 'stunning', 'film', 'watch', 'mr', 'mattei', 'offer', 'we', 'vivid', 'portrait', 'human', 'relation', 'movie', 'seems', 'tell', 'we', 'money', 'power', 'success', 'people', 'different', 'situation', 'encounter', 'variation', 'arthur', 'schnitzlers', 'play', 'theme', 'director', 'transfer', 'action', 'present', 'Tears', 'eye', 'new', 'york', 'different', 'character', 'meet', 'connect', 'one', 'connect', 'one', 'way', 'another', 'next', 'person', 'one', 'seem', 'know', 'previous', 'point', 'contact', 'stylishly', 'film', 'sophisticated', 'luxurious', 'look', 'take', 'see', 'people', 'live', 'world', 'live', 'habitatthe', 'thing', 'one', 'get', 'soul', 'picture', 'different', 'stage', 'loneliness', 'one', 'inhabit', 'big', 'city', 'exactly', 'good', 'place', 'human', 'relation', 'find', 'sincere', 'fulfillment', 'one', 'discern', 'case', 'people', 'encounterthe', 'act', 'good', 'mr', 'matteis', 'direction', 'steve', 'buscemi', 'rosario', 'dawson', 'carol', 'kane', 'michael', 'imperioli', 'adrian', 'grenier', 'rest', 'talente', 'cast', 'make', 'character', 'come', 'alivewe', 'wish', 'mr', 'mattei', 'good', 'luck', 'await', 'anxiously', 'next', 'work']",127
"Probably my all-time favorite movie, a story of selflessness, sacrifice and dedication to a noble cause, but it's not preachy or boring. It just never gets old, despite my having seen it some 15 or more times in the last 25 years. Paul Lukas' performance brings tears to my eyes, and Bette Davis, in one of her very few truly sympathetic roles, is a delight. The kids are, as grandma says, more like ""dressed-up midgets"" than children, but that only makes them more fun to watch. And the mother's slow awakening to what's happening in the world and under her own roof is believable and startling. If I had a dozen thumbs, they'd all be ""up"" for this movie.",positive,"['probably', 'alltime', 'favorite', 'movie', 'story', 'selflessness', 'sacrifice', 'dedication', 'noble', 'because', 'preachy', 'boring', 'never', 'get', 'old', 'despite', 'see', '15', 'time', 'last', '25', 'year', 'paul', 'lukas', 'performance', 'bring', 'tear', 'eye', 'bette', 'davis', 'one', 'truly', 'sympathetic', 'role', 'delight', 'kid', 'grandma', 'say', 'like', 'dressedup', 'midget', 'child', 'make', 'fun', 'watch', 'mother', 'slow', 'awakening', 'what', 'be', 'happen', 'world', 'roof', 'believable', 'startling', 'dozen', 'thumb', 'they', 'would', 'movie']",60
"I sure would like to see a resurrection of a up dated Seahunt series with the tech they have today it would bring back the kid excitement in me.I grew up on black and white TV and Seahunt with Gunsmoke were my hero's every week.You have my vote for a comeback of a new sea hunt.We need a change of pace in TV and this would work for a world of under water adventure.Oh by the way thank you for an outlet like this to view many viewpoints about TV and the many movies.So any ole way I believe I've got what I wanna say.Would be nice to read some more plus points about sea hunt.If my rhymes would be 10 lines would you let me submit,or leave me out to be in doubt and have me to quit,If this is so then I must go so lets do it.",positive,"['sure', 'would', 'like', 'see', 'resurrection', 'date', 'seahunt', 'series', 'tech', 'today', 'would', 'bring', 'back', 'kid', 'excitement', 'mei', 'grow', 'black', 'white', 'tv', 'seahunt', 'gunsmoke', 'heros', 'every', 'weekyou', 'vote', 'comeback', 'new', 'sea', 'huntwe', 'need', 'change', 'pace', 'tv', 'would', 'work', 'world', 'water', 'adventureoh', 'way', 'thank', 'outlet', 'like', 'view', 'many', 'viewpoint', 'tv', 'many', 'moviesso', 'ole', 'way', 'believe', 'I', 'have', 'got', 'want', 'to', 'saywould', 'nice', 'read', 'plus', 'point', 'sea', 'huntif', 'rhyme', 'would', '10', 'line', 'would', 'let', 'submitor', 'leave', 'doubt', 'quitif', 'must', 'go', 'let', 'we']",78
